Timestamp,Timestamp,Temperature (ÂºC),Wind Speed (m/s),Wind Direction (degrees),Pressure (hPa),Humidity (%)
2022-07-14,2022-07-14 19:00:00,35.21666666666667,5.635555555555555,55.22222222222222,1015.8888888888889,14.88888888888889
2022-07-15,2022-07-15 11:30:00,30.707916666666666,4.525416666666667,82.91666666666667,1015.125,24.458333333333332
2022-07-16,2022-07-16 11:30:00,30.844166666666666,3.88875,132.58333333333334,1013.6666666666666,28.75
2022-07-17,2022-07-17 11:30:00,31.815833333333334,3.7312499999999997,147.5,1015.0833333333334,26.791666666666668
2022-07-18,2022-07-18 11:30:00,30.640833333333333,3.84125,201.33333333333334,1012.9166666666666,27.958333333333332
2022-07-19,2022-07-19 11:30:00,23.792916666666667,4.372083333333333,260.4166666666667,1016.125,47.208333333333336
2022-07-20,2022-07-20 11:30:00,24.55333333333333,2.8975000000000004,146.70833333333334,1018.25,47.875
2022-07-21,2022-07-21 11:30:00,27.307083333333335,3.624166666666667,162.04166666666666,1016.5416666666666,41.75
2022-07-22,2022-07-22 11:30:00,25.574583333333333,3.7870833333333334,153.58333333333334,1015.625,52.291666666666664
2022-07-23,2022-07-23 11:30:00,24.644583333333333,3.03,103.375,1017.5416666666666,50.875
2022-07-24,2022-07-24 11:30:00,27.83375,4.502083333333333,178.75,1015.875,35.5
2022-07-25,2022-07-25 11:30:00,25.231666666666666,3.805,241.70833333333334,1017.0416666666666,42.833333333333336
2022-07-26,2022-07-26 11:30:00,22.36,4.107083333333333,108.5,1016.2916666666666,55.625
2022-07-27,2022-07-27 11:30:00,22.69666666666667,3.6254166666666667,126.25,1013.25,49.125
2022-07-28,2022-07-28 11:30:00,23.000416666666666,2.7733333333333334,146.33333333333334,1012.2916666666666,51.958333333333336
2022-07-29,2022-07-29 11:30:00,23.099999999999998,4.5687500000000005,68.33333333333333,1014.625,53.833333333333336
2022-07-30,2022-07-30 11:30:00,24.122500000000002,6.246666666666666,56.083333333333336,1017.375,53.583333333333336
2022-07-31,2022-07-31 11:30:00,24.671666666666667,3.8991666666666664,62.833333333333336,1017.75,50.25
2022-08-01,2022-08-01 11:30:00,26.55666666666667,3.484583333333333,86.625,1017.0416666666666,45.833333333333336
2022-08-02,2022-08-02 11:30:00,28.587500000000002,3.6675,146.95833333333334,1014.4583333333334,36.25
2022-08-03,2022-08-03 11:30:00,28.56833333333333,4.16,108.66666666666667,1011.7916666666666,39.125
2022-08-04,2022-08-04 11:30:00,26.9875,3.4125,148.58333333333334,1010.9583333333334,43.5
2022-08-05,2022-08-05 11:30:00,24.547916666666666,4.889166666666667,107.125,1013.5833333333334,57.666666666666664
2022-08-06,2022-08-06 11:30:00,25.00208333333333,3.9404166666666662,107.70833333333333,1015.5,52.916666666666664
2022-08-07,2022-08-07 11:30:00,27.032083333333333,4.3374999999999995,76.54166666666667,1012.7916666666666,49.083333333333336
2022-08-08,2022-08-08 11:30:00,27.873333333333335,3.5220833333333332,130.75,1013.2083333333334,42.541666666666664
2022-08-09,2022-08-09 11:30:00,28.670833333333334,3.58375,111.45833333333333,1013.75,40.75
2022-08-10,2022-08-10 11:30:00,28.35875,5.264583333333333,113.54166666666667,1013.5833333333334,37.541666666666664
2022-08-11,2022-08-11 11:30:00,27.334166666666665,3.3920833333333333,174.70833333333334,1013.0416666666666,49.0
2022-08-12,2022-08-12 11:30:00,27.745416666666667,2.9912499999999995,186.5,1012.5416666666666,37.291666666666664
2022-08-13,2022-08-13 11:30:00,26.436666666666667,4.784166666666667,190.08333333333334,1010.9166666666666,38.666666666666664
2022-08-14,2022-08-14 11:30:00,21.968333333333334,4.275833333333334,251.875,1010.25,45.125
2022-08-15,2022-08-15 11:30:00,22.038749999999997,3.9941666666666666,258.9583333333333,1009.5833333333334,46.75
2022-08-16,2022-08-16 11:30:00,20.035416666666666,5.508333333333333,268.3333333333333,1009.375,52.375
2022-08-17,2022-08-17 11:30:00,18.44333333333333,4.2908333333333335,196.875,1013.0833333333334,59.791666666666664
2022-08-18,2022-08-18 11:30:00,17.80333333333333,2.405416666666667,127.54166666666667,1018.625,59.041666666666664
2022-08-19,2022-08-19 11:30:00,20.76875,3.2054166666666664,73.75,1020.2916666666666,52.291666666666664
2022-08-20,2022-08-20 11:30:00,24.37375,2.670833333333333,150.0,1018.0416666666666,44.125
2022-08-21,2022-08-21 11:30:00,24.972916666666666,3.339166666666667,204.375,1016.7916666666666,44.541666666666664
2022-08-22,2022-08-22 11:30:00,23.206666666666667,4.88375,63.583333333333336,1015.2916666666666,57.541666666666664
2022-08-23,2022-08-23 11:30:00,25.25583333333333,3.8541666666666665,112.45833333333333,1013.5,51.083333333333336
2022-08-24,2022-08-24 11:30:00,26.587500000000002,3.6637500000000003,176.0,1012.2083333333334,46.041666666666664
2022-08-25,2022-08-25 11:30:00,23.27625,5.492916666666666,107.0,1014.1666666666666,62.291666666666664
2022-08-26,2022-08-26 11:30:00,22.55125,5.975833333333333,64.5,1014.25,59.583333333333336
2022-08-27,2022-08-27 11:30:00,23.14375,2.811666666666667,99.79166666666667,1010.9583333333334,52.375
2022-08-28,2022-08-28 11:30:00,24.94333333333333,3.563333333333333,118.79166666666667,1010.75,45.583333333333336
2022-08-29,2022-08-29 11:30:00,22.0475,2.8725,119.58333333333333,1014.2916666666666,62.916666666666664
2022-08-30,2022-08-30 11:30:00,23.09,1.8616666666666666,149.875,1015.8333333333334,53.166666666666664
2022-08-31,2022-08-31 11:30:00,21.677916666666665,3.481666666666667,238.625,1016.125,47.625
2022-09-01,2022-09-01 11:30:00,21.38208333333333,3.1620833333333334,186.16666666666666,1013.8333333333334,54.666666666666664
2022-09-02,2022-09-02 11:30:00,19.809583333333332,2.8433333333333333,268.8333333333333,1012.6666666666666,61.291666666666664
2022-09-03,2022-09-03 11:30:00,19.044583333333332,3.3674999999999997,200.625,1012.0833333333334,56.25
2022-09-04,2022-09-04 11:30:00,19.06125,3.6233333333333335,239.41666666666666,1016.0416666666666,48.083333333333336
2022-09-05,2022-09-05 11:30:00,19.359166666666667,4.085416666666666,241.79166666666666,1018.0416666666666,54.833333333333336
2022-09-06,2022-09-06 11:30:00,19.200416666666666,4.48625,241.875,1017.5833333333334,59.958333333333336
2022-09-07,2022-09-07 11:30:00,17.657500000000002,4.587083333333333,262.5,1016.3333333333334,58.791666666666664
2022-09-08,2022-09-08 11:30:00,18.955833333333334,4.328333333333333,247.04166666666666,1016.0416666666666,67.70833333333333
2022-09-09,2022-09-09 11:30:00,20.16541666666667,2.2025,215.04166666666666,1018.3333333333334,63.416666666666664
2022-09-10,2022-09-10 11:30:00,22.58,2.2516666666666665,149.45833333333334,1016.875,49.416666666666664
2022-09-11,2022-09-11 11:30:00,24.953333333333333,3.000833333333333,181.66666666666666,1013.25,41.125
2022-09-12,2022-09-12 11:30:00,23.409583333333334,4.4375,169.41666666666666,1008.2083333333334,47.541666666666664
2022-09-13,2022-09-13 11:30:00,21.12,6.6000000000000005,192.5,1005.0833333333334,63.875
2022-09-14,2022-09-14 11:30:00,17.205000000000002,3.6875,207.5,1009.9166666666666,77.08333333333333
2022-09-15,2022-09-15 11:30:00,19.169583333333332,1.5737500000000002,145.25,1013.5833333333334,76.70833333333333
2022-09-16,2022-09-16 11:30:00,19.183333333333334,3.733333333333333,74.16666666666667,1014.7083333333334,70.33333333333333
2022-09-17,2022-09-17 11:30:00,17.900000000000002,4.79375,62.291666666666664,1014.5416666666666,57.458333333333336
2022-09-18,2022-09-18 11:30:00,19.835416666666667,2.6458333333333335,138.25,1014.625,52.625
2022-09-19,2022-09-19 11:30:00,20.965,2.96875,189.95833333333334,1015.4583333333334,53.791666666666664
2022-09-20,2022-09-20 11:30:00,20.30875,3.1616666666666666,89.16666666666667,1017.5833333333334,43.541666666666664
2022-09-21,2022-09-21 11:30:00,19.1575,3.5279166666666666,81.0,1017.1666666666666,43.291666666666664
2022-09-22,2022-09-22 11:30:00,19.295416666666668,2.4429166666666666,145.41666666666666,1017.4166666666666,49.791666666666664
2022-09-23,2022-09-23 11:30:00,19.484583333333333,3.02,205.875,1015.25,46.125
2022-09-24,2022-09-24 11:30:00,14.778333333333334,4.6775,97.20833333333333,1014.75,66.04166666666667
2022-09-25,2022-09-25 11:30:00,11.735833333333332,5.9624999999999995,45.625,1015.5,65.5
2022-09-26,2022-09-26 11:30:00,13.010833333333332,3.8979166666666667,137.29166666666666,1016.5,64.75
2022-09-27,2022-09-27 11:30:00,14.739583333333334,4.3012500000000005,309.7916666666667,1017.625,57.0
2022-09-28,2022-09-28 11:30:00,15.450416666666667,5.122916666666667,296.6666666666667,1014.3333333333334,60.541666666666664
2022-09-29,2022-09-29 11:30:00,12.649583333333332,5.547499999999999,261.0,1008.9583333333334,74.83333333333333
2022-09-30,2022-09-30 11:30:00,12.534583333333332,2.2783333333333333,276.5,1016.625,64.91666666666667
2022-10-01,2022-10-01 11:30:00,15.68,2.0058333333333334,195.875,1024.4583333333333,55.291666666666664
2022-10-02,2022-10-02 11:30:00,17.892083333333336,2.37875,108.75,1025.3333333333333,48.791666666666664
2022-10-03,2022-10-03 11:30:00,19.004166666666666,2.1662500000000002,168.79166666666666,1022.375,49.708333333333336
2022-10-04,2022-10-04 11:30:00,19.229583333333334,1.7145833333333333,200.41666666666666,1021.8333333333334,44.625
2022-10-05,2022-10-05 11:30:00,18.950416666666666,2.59625,183.33333333333334,1022.5416666666666,44.125
2022-10-06,2022-10-06 11:30:00,18.419166666666666,5.1154166666666665,63.708333333333336,1023.9583333333334,62.416666666666664
2022-10-07,2022-10-07 11:30:00,18.26125,2.56,155.875,1019.8333333333334,58.791666666666664
2022-10-08,2022-10-08 11:30:00,17.641666666666666,4.835833333333333,67.16666666666667,1017.875,66.125
2022-10-09,2022-10-09 11:30:00,17.385833333333334,2.8837499999999996,182.375,1015.5416666666666,61.583333333333336
2022-10-10,2022-10-10 11:30:00,15.571666666666665,2.5079166666666666,200.0,1017.125,80.91666666666667
2022-10-11,2022-10-11 11:30:00,16.829166666666666,3.280416666666667,66.04166666666667,1019.2083333333334,77.125
2022-10-12,2022-10-12 11:30:00,15.636249999999999,2.5916666666666663,150.5,1021.7083333333334,73.95833333333333
2022-10-13,2022-10-13 11:30:00,16.165833333333335,2.6791666666666667,195.83333333333334,1024.2916666666667,62.666666666666664
2022-10-14,2022-10-14 11:30:00,17.87,2.8562499999999997,235.375,1021.75,57.083333333333336
2022-10-15,2022-10-15 11:30:00,17.695416666666667,2.9379166666666667,214.54166666666666,1015.375,58.416666666666664
2022-10-16,2022-10-16 11:30:00,17.57875,4.4975,216.41666666666666,1014.875,63.0
2022-10-17,2022-10-17 11:30:00,16.624583333333334,2.465,153.75,1019.5833333333334,78.875
2022-10-18,2022-10-18 11:30:00,17.348333333333333,3.560416666666667,161.0,1020.7916666666666,68.04166666666667
2022-10-19,2022-10-19 11:30:00,15.470416666666667,4.287916666666667,204.25,1015.625,74.5
2022-10-20,2022-10-20 11:30:00,13.653333333333334,5.451250000000001,189.08333333333334,1011.1666666666666,84.08333333333333
2022-10-21,2022-10-21 11:30:00,13.666666666666666,4.615416666666667,210.91666666666666,1013.125,83.41666666666667
2022-10-22,2022-10-22 11:30:00,14.887916666666667,5.174166666666666,185.16666666666666,1012.125,78.625
2022-10-23,2022-10-23 11:30:00,14.592083333333333,7.995,212.5,1012.0833333333334,71.375
2022-10-24,2022-10-24 11:30:00,13.905833333333334,3.3929166666666664,201.875,1017.5,75.875
2022-10-25,2022-10-25 11:30:00,14.830833333333333,5.122916666666667,177.08333333333334,1015.0833333333334,76.25
2022-10-26,2022-10-26 11:30:00,16.556250000000002,3.5108333333333337,170.95833333333334,1018.1666666666666,74.0
2022-10-27,2022-10-27 11:30:00,20.149166666666666,4.67375,194.58333333333334,1018.25,48.375
2022-10-28,2022-10-28 11:30:00,16.683333333333334,3.55875,172.5,1021.1666666666666,66.04166666666667
2022-10-29,2022-10-29 11:30:00,17.34541666666667,3.9187499999999997,193.08333333333334,1018.2083333333334,56.625
2022-10-30,2022-10-30 11:30:00,12.993333333333332,2.9170833333333337,182.20833333333334,1018.875,81.54166666666667
2022-10-31,2022-10-31 11:30:00,12.270833333333334,4.244166666666667,187.08333333333334,1016.875,82.83333333333333
2022-11-01,2022-11-01 11:30:00,12.042916666666668,2.59375,222.91666666666666,1023.4166666666666,81.75
2022-11-02,2022-11-02 11:30:00,11.302916666666667,2.0145833333333334,144.16666666666666,1023.3333333333334,81.875
2022-11-03,2022-11-03 11:30:00,11.861666666666666,5.637083333333333,241.66666666666666,1018.125,86.0
2022-11-04,2022-11-04 11:30:00,8.518749999999999,2.8608333333333333,288.8333333333333,1022.9166666666666,74.95833333333333
2022-11-05,2022-11-05 11:30:00,8.055833333333334,1.3708333333333333,176.25,1023.1666666666666,75.75
2022-11-06,2022-11-06 11:30:00,9.713333333333333,3.731666666666667,220.70833333333334,1020.2916666666666,80.16666666666667
2022-11-07,2022-11-07 11:30:00,9.505,2.4170833333333333,172.54166666666666,1018.75,85.79166666666667
2022-11-08,2022-11-08 11:30:00,13.009583333333333,5.615416666666667,219.625,1014.0833333333334,84.79166666666667
2022-11-09,2022-11-09 11:30:00,11.46875,4.009166666666666,252.91666666666666,1019.0,84.5
2022-11-10,2022-11-10 11:30:00,9.0325,1.8895833333333334,123.5,1025.4166666666667,89.91666666666667
2022-11-11,2022-11-11 11:30:00,10.429166666666667,3.0237499999999997,80.125,1024.875,82.08333333333333
2022-11-12,2022-11-12 11:30:00,12.949583333333335,3.654583333333333,115.0,1021.75,74.29166666666667
2022-11-13,2022-11-13 11:30:00,11.887083333333335,3.0445833333333336,178.75,1018.9166666666666,74.70833333333333
2022-11-14,2022-11-14 11:30:00,11.890416666666667,4.5945833333333335,229.25,1016.625,82.25
2022-11-15,2022-11-15 11:30:00,12.06125,6.794999999999999,231.66666666666666,1010.7916666666666,84.5
2022-11-16,2022-11-16 11:30:00,11.604583333333332,7.866666666666667,232.5,1009.0833333333334,88.54166666666667
2022-11-17,2022-11-17 11:30:00,13.143749999999999,8.5725,251.54166666666666,1007.5416666666666,81.16666666666667
2022-11-18,2022-11-18 11:30:00,9.003333333333332,6.168333333333333,294.7916666666667,1013.0,75.75
2022-11-19,2022-11-19 11:30:00,6.3775,4.855833333333334,278.75,1020.2083333333334,78.41666666666667
2022-11-20,2022-11-20 11:30:00,10.708333333333334,5.808333333333334,256.25,1022.0833333333334,86.5
2022-11-21,2022-11-21 11:30:00,10.429166666666667,10.2025,265.0,1012.9166666666666,82.75
2022-11-22,2022-11-22 11:30:00,7.623333333333334,7.3308333333333335,244.58333333333334,1013.875,89.625
2022-11-23,2022-11-23 11:30:00,12.594999999999999,8.574583333333333,260.0,1012.875,81.375
2022-11-24,2022-11-24 11:30:00,9.412916666666666,3.6679166666666667,225.45833333333334,1016.625,86.91666666666667
2022-11-25,2022-11-25 11:30:00,8.321666666666667,3.6654166666666668,235.41666666666666,1025.5833333333333,78.125
2022-11-26,2022-11-26 11:30:00,5.052083333333333,1.27875,119.0,1029.4583333333333,83.70833333333333
2022-11-27,2022-11-27 11:30:00,6.06625,3.0433333333333334,197.5,1023.5,85.625
2022-11-28,2022-11-28 11:30:00,6.450833333333333,4.479166666666667,275.4166666666667,1024.0,79.79166666666667
2022-11-29,2022-11-29 11:30:00,3.793333333333333,1.9925,185.41666666666666,1023.125,88.25
2022-11-30,2022-11-30 11:30:00,5.0675,1.2441666666666666,52.375,1016.8333333333334,87.125
2022-12-01,2022-12-01 11:30:00,4.707916666666667,5.379583333333334,52.875,1016.875,81.25
2022-12-02,2022-12-02 11:30:00,3.025,3.901666666666667,62.916666666666664,1014.0833333333334,80.625
2022-12-03,2022-12-03 11:30:00,1.07375,1.8858333333333333,164.58333333333334,1009.3333333333334,85.20833333333333
2022-12-04,2022-12-04 11:30:00,1.4570833333333333,1.5858333333333334,141.66666666666666,1010.1666666666666,86.66666666666667
2022-12-05,2022-12-05 11:30:00,5.5633333333333335,3.3216666666666668,92.08333333333333,1013.3333333333334,87.75
2022-12-06,2022-12-06 11:30:00,8.83375,1.8858333333333333,123.75,1015.375,86.83333333333333
2022-12-07,2022-12-07 11:30:00,8.448333333333332,1.97375,87.95833333333333,1012.8333333333334,83.95833333333333
2022-12-08,2022-12-08 11:30:00,8.29125,3.4725,145.41666666666666,1001.7083333333334,85.25
2022-12-09,2022-12-09 11:30:00,8.814166666666667,2.5091666666666668,123.91666666666667,999.8333333333334,84.0
2022-12-10,2022-12-10 11:30:00,6.242083333333333,3.4125,120.83333333333333,1009.75,83.16666666666667
2022-12-11,2022-12-11 11:30:00,5.774583333333333,3.237083333333333,215.41666666666666,1006.5833333333334,87.375
2022-12-12,2022-12-12 11:30:00,10.926666666666668,7.09625,234.16666666666666,1004.4583333333334,85.83333333333333
2022-12-13,2022-12-13 11:30:00,11.910416666666665,3.85,223.375,1002.2083333333334,86.83333333333333
2022-12-14,2022-12-14 11:30:00,10.658333333333333,4.2225,210.04166666666666,1001.5833333333334,84.45833333333333
2022-12-15,2022-12-15 11:30:00,8.534166666666666,4.59125,247.54166666666666,999.2916666666666,84.54166666666667
2022-12-16,2022-12-16 11:30:00,6.910416666666666,2.964166666666667,127.75,1008.4583333333334,85.41666666666667
2022-12-17,2022-12-17 11:30:00,5.163333333333333,2.08,137.08333333333334,1018.125,89.41666666666667
2022-12-18,2022-12-18 11:30:00,6.9366666666666665,2.4379166666666667,182.875,1024.5416666666667,83.5
2022-12-19,2022-12-19 11:30:00,8.283333333333333,3.2112499999999997,171.20833333333334,1023.2916666666666,80.79166666666667
2022-12-20,2022-12-20 11:30:00,9.963333333333333,4.636666666666667,204.41666666666666,1018.9166666666666,83.41666666666667
2022-12-21,2022-12-21 11:30:00,10.417083333333332,6.34,238.25,1023.625,86.0
2022-12-22,2022-12-22 11:30:00,12.107083333333334,5.052083333333333,232.5,1026.0,88.54166666666667
2022-12-23,2022-12-23 11:30:00,11.862083333333333,5.02875,223.125,1024.125,85.0
2022-12-24,2022-12-24 11:30:00,9.28875,3.3295833333333333,206.20833333333334,1020.4166666666666,86.625
2022-12-25,2022-12-25 11:30:00,9.26375,3.93875,201.16666666666666,1018.1666666666666,87.16666666666667
2022-12-26,2022-12-26 11:30:00,9.82125,1.60375,151.41666666666666,1026.1666666666667,87.125
2022-12-27,2022-12-27 11:30:00,9.694583333333332,2.7379166666666666,217.5,1029.75,87.16666666666667
2022-12-28,2022-12-28 11:30:00,9.551666666666668,4.951666666666667,232.5,1024.4583333333333,83.58333333333333
2022-12-29,2022-12-29 11:30:00,10.359166666666667,5.979166666666667,235.83333333333334,1019.6666666666666,90.08333333333333
2022-12-30,2022-12-30 11:30:00,11.332500000000001,8.0175,226.25,1020.625,84.875
2022-12-31,2022-12-31 11:30:00,10.616666666666665,4.960416666666666,207.75,1022.5416666666666,63.166666666666664
2023-01-01,2023-01-01 11:30:00,12.891666666666666,6.631666666666667,201.54166666666666,1018.7083333333334,58.958333333333336
2023-01-02,2023-01-02 11:30:00,7.132916666666667,2.8083333333333336,198.75,1024.2916666666667,85.41666666666667
2023-01-03,2023-01-03 11:30:00,2.737083333333333,1.2204166666666667,110.0,1032.1666666666667,88.58333333333333
2023-01-04,2023-01-04 11:30:00,1.6616666666666668,1.1045833333333335,78.16666666666667,1035.5833333333333,92.79166666666667
2023-01-05,2023-01-05 11:30:00,1.0404166666666668,1.2208333333333334,72.08333333333333,1029.5416666666667,94.79166666666667
2023-01-06,2023-01-06 11:30:00,2.07125,1.2079166666666667,97.875,1025.9166666666667,93.54166666666667
2023-01-07,2023-01-07 11:30:00,6.552916666666667,5.733750000000001,212.58333333333334,1021.0833333333334,86.5
2023-01-08,2023-01-08 11:30:00,10.054166666666667,9.024166666666668,248.75,1013.3333333333334,86.625
2023-01-09,2023-01-09 11:30:00,7.623333333333334,4.276666666666666,254.20833333333334,1023.8333333333334,81.08333333333333
2023-01-10,2023-01-10 11:30:00,5.805833333333333,3.1687499999999997,216.45833333333334,1029.25,88.91666666666667
2023-01-11,2023-01-11 11:30:00,8.729999999999999,3.723333333333333,214.25,1028.7083333333333,84.5
2023-01-12,2023-01-12 11:30:00,5.809583333333333,2.7229166666666664,226.25,1004.625,81.25
2023-01-13,2023-01-13 11:30:00,5.567916666666666,1.7691666666666668,176.29166666666666,1022.5,84.875
2023-01-14,2023-01-14 11:30:00,6.96875,3.355,202.79166666666666,1001.5,85.83333333333333
2023-01-15,2023-01-15 11:30:00,6.62,5.8525,277.9166666666667,1010.5833333333334,78.91666666666667
2023-01-16,2023-01-16 11:30:00,8.06125,12.864583333333334,252.54166666666666,999.4583333333334,79.16666666666667
2023-01-17,2023-01-17 11:30:00,6.423749999999999,11.9325,275.0416666666667,993.3333333333334,74.29166666666667
2023-01-18,2023-01-18 11:30:00,2.1104166666666666,7.5008333333333335,301.6666666666667,1008.625,78.70833333333333
2023-01-19,2023-01-19 11:30:00,3.4445833333333336,8.16625,258.3333333333333,1015.5,85.75
2023-01-20,2023-01-20 11:30:00,7.0879166666666675,2.464583333333333,190.83333333333334,1019.625,84.83333333333333
2023-01-21,2023-01-21 11:30:00,4.173333333333333,3.5124999999999997,60.791666666666664,1023.7916666666666,78.79166666666667
2023-01-22,2023-01-22 11:30:00,1.2354166666666668,3.91625,58.458333333333336,1029.7916666666667,74.20833333333333
2023-01-23,2023-01-23 11:30:00,0.8275,4.2283333333333335,152.91666666666666,1022.875,77.70833333333333
2023-01-24,2023-01-24 11:30:00,2.2095833333333332,5.462083333333333,89.20833333333333,1012.9583333333334,78.54166666666667
2023-01-25,2023-01-25 11:30:00,1.85125,4.349583333333333,82.45833333333333,1012.0416666666666,77.29166666666667
2023-01-26,2023-01-26 11:30:00,1.67875,2.9116666666666666,193.875,1019.4166666666666,81.41666666666667
2023-01-27,2023-01-27 11:30:00,2.4187499999999997,5.0175,141.41666666666666,1013.7083333333334,78.95833333333333
2023-01-28,2023-01-28 11:30:00,2.56875,5.7129166666666675,87.04166666666667,1010.4583333333334,75.95833333333333
2023-01-29,2023-01-29 11:30:00,2.3154166666666667,4.985833333333333,46.875,1006.625,72.83333333333333
2023-01-30,2023-01-30 11:30:00,1.1216666666666666,3.18125,59.375,1013.875,75.70833333333333
2023-01-31,2023-01-31 11:30:00,2.0483333333333333,2.544583333333333,59.833333333333336,1011.25,78.95833333333333
2023-02-01,2023-02-01 11:30:00,5.004583333333334,6.460416666666667,51.333333333333336,1018.1666666666666,77.95833333333333
2023-02-02,2023-02-02 11:30:00,4.024583333333333,3.917083333333333,57.041666666666664,1013.25,74.75
2023-02-03,2023-02-03 11:30:00,4.5304166666666665,1.6508333333333336,60.0,1004.5,64.91666666666667
2023-02-04,2023-02-04 11:30:00,6.2124999999999995,3.033333333333333,74.83333333333333,1005.2916666666666,50.833333333333336
2023-02-05,2023-02-05 11:30:00,5.196666666666666,7.185416666666666,55.916666666666664,1016.125,73.91666666666667
2023-02-06,2023-02-06 11:30:00,4.791666666666667,8.674999999999999,58.416666666666664,1007.75,67.75
2023-02-07,2023-02-07 11:30:00,2.7245833333333334,5.447083333333333,80.25,1002.875,71.95833333333333
2023-02-08,2023-02-08 11:30:00,5.023333333333333,5.863333333333333,94.75,1006.25,73.16666666666667
2023-02-09,2023-02-09 11:30:00,3.3487500000000003,4.050833333333333,64.58333333333333,1011.8333333333334,70.04166666666667
2023-02-10,2023-02-10 11:30:00,3.4433333333333334,3.2591666666666668,83.16666666666667,1015.7083333333334,63.166666666666664
2023-02-11,2023-02-11 11:30:00,3.262916666666667,2.1075,102.25,1009.4583333333334,61.0
2023-02-12,2023-02-12 11:30:00,3.88125,2.9804166666666667,118.75,1007.1666666666666,61.75
2023-02-13,2023-02-13 11:30:00,5.97125,2.348333333333333,98.58333333333333,1013.5833333333334,64.29166666666667
2023-02-14,2023-02-14 11:30:00,6.304166666666667,3.230833333333333,125.29166666666667,1002.9583333333334,65.91666666666667
2023-02-15,2023-02-15 11:30:00,6.401666666666666,3.36125,70.875,1010.875,70.33333333333333
2023-02-16,2023-02-16 11:30:00,7.732916666666667,3.01125,63.25,1013.0416666666666,63.208333333333336
2023-02-17,2023-02-17 11:30:00,8.76125,4.483333333333333,76.70833333333333,1013.7083333333334,50.375
2023-02-18,2023-02-18 11:30:00,8.147916666666667,2.314583333333333,87.91666666666667,1007.0833333333334,49.333333333333336
2023-02-19,2023-02-19 11:30:00,10.674583333333333,2.936666666666667,81.66666666666667,1010.3333333333334,57.166666666666664
2023-02-20,2023-02-20 11:30:00,11.589166666666666,2.8058333333333336,126.0,1007.0416666666666,55.125
2023-02-21,2023-02-21 11:30:00,10.377083333333333,1.7366666666666666,186.66666666666666,995.6666666666666,65.875
2023-02-22,2023-02-22 11:30:00,8.535,2.594583333333333,260.0,1000.9166666666666,76.58333333333333
2023-02-23,2023-02-23 11:30:00,2.69875,5.112916666666666,238.41666666666666,1003.5416666666666,86.25
2023-02-24,2023-02-24 11:30:00,1.2908333333333333,2.1270833333333337,209.375,1006.2083333333334,81.58333333333333
2023-02-25,2023-02-25 11:30:00,2.3004166666666666,2.52,231.70833333333334,1001.0416666666666,78.25
2023-02-26,2023-02-26 11:30:00,3.19125,4.1433333333333335,152.08333333333334,1004.25,77.375
2023-02-27,2023-02-27 11:30:00,1.8058333333333334,5.10875,80.08333333333333,1005.8333333333334,60.958333333333336
2023-02-28,2023-02-28 11:30:00,0.9858333333333333,3.8370833333333336,129.16666666666666,1015.625,71.25
2023-03-01,2023-03-01 11:30:00,2.23875,2.2920833333333333,174.29166666666666,1013.7916666666666,65.45833333333333
2023-03-02,2023-03-02 11:30:00,1.5354166666666667,2.46125,61.041666666666664,1011.5,71.20833333333333
2023-03-03,2023-03-03 11:30:00,3.235,2.44875,93.5,1001.8333333333334,67.625
2023-03-04,2023-03-04 11:30:00,3.7770833333333336,1.9304166666666667,68.75,1009.25,71.125
2023-03-05,2023-03-05 11:30:00,4.430416666666667,2.0574999999999997,147.08333333333334,990.25,72.58333333333333
2023-03-06,2023-03-06 11:30:00,8.273333333333333,4.262083333333333,245.58333333333334,999.5833333333334,81.29166666666667
2023-03-07,2023-03-07 11:30:00,10.109583333333333,7.5025,240.41666666666666,998.8333333333334,77.625
2023-03-08,2023-03-08 11:30:00,12.527500000000002,8.4475,232.625,994.3333333333334,81.16666666666667
2023-03-09,2023-03-09 11:30:00,11.5075,7.4175,240.41666666666666,1000.125,79.41666666666667
2023-03-10,2023-03-10 11:30:00,12.092916666666667,7.52375,250.75,1003.3333333333334,74.625
2023-03-11,2023-03-11 11:30:00,13.769166666666665,7.394583333333333,256.6666666666667,1005.5,77.29166666666667
2023-03-12,2023-03-12 11:30:00,14.364583333333334,3.6454166666666663,234.58333333333334,1007.7916666666666,75.25
2023-03-13,2023-03-13 11:30:00,12.01,7.890000000000001,241.5,1000.3333333333334,70.125
2023-03-14,2023-03-14 11:30:00,9.421249999999999,4.9925,257.875,1011.1666666666666,67.625
2023-03-15,2023-03-15 11:30:00,10.472083333333332,1.4454166666666666,183.20833333333334,1003.5833333333334,63.666666666666664
2023-03-16,2023-03-16 11:30:00,14.1175,3.49375,182.5,977.5,50.875
2023-03-17,2023-03-17 11:30:00,11.590000000000002,6.2804166666666665,243.75,1006.125,70.625
2023-03-18,2023-03-18 11:30:00,9.666666666666666,5.26875,270.1666666666667,1009.75,78.41666666666667
2023-03-19,2023-03-19 11:30:00,9.17375,1.9408333333333332,189.0,1010.625,66.20833333333333
2023-03-20,2023-03-20 11:30:00,11.914166666666667,1.8645833333333333,180.41666666666666,985.4583333333334,51.875
2023-03-21,2023-03-21 11:30:00,11.652083333333332,2.74375,244.58333333333334,1006.375,60.583333333333336
2023-03-22,2023-03-22 11:30:00,12.952916666666667,3.6483333333333334,237.375,1005.1666666666666,55.458333333333336
2023-03-23,2023-03-23 11:30:00,12.892083333333332,4.7491666666666665,225.75,1005.4166666666666,47.708333333333336
2023-03-24,2023-03-24 11:30:00,12.749166666666667,6.0616666666666665,248.91666666666666,1009.625,65.29166666666667
2023-03-25,2023-03-25 11:30:00,10.947083333333333,4.729166666666667,244.16666666666666,1009.9166666666666,66.29166666666667
2023-03-26,2023-03-26 11:30:00,12.248333333333333,6.4025,281.25,1011.125,58.666666666666664
2023-03-27,2023-03-27 11:30:00,9.1925,1.95,135.83333333333334,1010.4583333333334,55.958333333333336
2023-03-28,2023-03-28 11:30:00,14.312916666666666,2.0283333333333333,162.375,989.75,40.541666666666664
2023-03-29,2023-03-29 11:30:00,16.221666666666668,4.694583333333333,207.08333333333334,1001.625,45.541666666666664
2023-03-30,2023-03-30 11:30:00,13.952083333333333,6.32375,238.75,1009.7916666666666,60.083333333333336
2023-03-31,2023-03-31 11:30:00,14.147916666666667,9.3675,256.25,1009.3333333333334,60.625
2023-04-01,2023-04-01 11:30:00,11.239583333333334,6.534583333333334,275.7916666666667,1019.7916666666666,63.791666666666664
2023-04-02,2023-04-02 11:30:00,8.83375,3.4379166666666667,228.41666666666666,1015.625,54.458333333333336
2023-04-03,2023-04-03 11:30:00,8.4825,2.58,134.20833333333334,1009.8333333333334,56.083333333333336
2023-04-04,2023-04-04 11:30:00,9.506666666666666,6.914583333333333,57.041666666666664,1005.375,50.0
2023-04-05,2023-04-05 11:30:00,9.251666666666667,3.3125,110.125,1011.375,36.458333333333336
2023-04-06,2023-04-06 11:30:00,12.312916666666666,3.3454166666666665,72.08333333333333,1003.375,33.208333333333336
2023-04-07,2023-04-07 11:30:00,13.10875,2.27375,128.70833333333334,1000.25,41.125
2023-04-08,2023-04-08 11:30:00,15.754583333333334,1.8,210.41666666666666,992.5,38.375
2023-04-09,2023-04-09 11:30:00,16.444166666666668,3.1075,194.58333333333334,989.6666666666666,39.708333333333336
2023-04-10,2023-04-10 11:30:00,16.028333333333332,3.452083333333333,271.6666666666667,1010.0833333333334,44.5
2023-04-11,2023-04-11 11:30:00,14.362916666666665,3.858333333333333,250.83333333333334,1011.0833333333334,57.333333333333336
2023-04-12,2023-04-12 11:30:00,10.775416666666667,7.5879166666666675,276.25,1013.5,68.20833333333333
2023-04-13,2023-04-13 11:30:00,9.102500000000001,5.252083333333333,285.4166666666667,1008.9166666666666,58.625
2023-04-14,2023-04-14 11:30:00,12.145416666666668,7.8875,267.5,1015.5833333333334,66.20833333333333
2023-04-15,2023-04-15 11:30:00,12.715833333333334,4.496666666666667,258.5416666666667,1012.625,60.291666666666664
2023-04-16,2023-04-16 11:30:00,12.490833333333333,3.26,51.958333333333336,1009.5,58.583333333333336
2023-04-17,2023-04-17 11:30:00,12.624583333333334,4.4887500000000005,69.41666666666667,1007.5833333333334,45.25
2023-04-18,2023-04-18 11:30:00,12.179166666666667,4.05,66.0,1004.1666666666666,53.208333333333336
2023-04-19,2023-04-19 11:30:00,15.0075,2.4274999999999998,165.91666666666666,1001.0416666666666,47.541666666666664
2023-04-20,2023-04-20 11:30:00,15.770833333333334,3.987083333333333,254.58333333333334,998.125,42.916666666666664
2023-04-21,2023-04-21 11:30:00,15.0725,5.600416666666667,219.25,998.3333333333334,52.5
2023-04-22,2023-04-22 11:30:00,12.532916666666667,4.500416666666666,257.5,1004.875,67.79166666666667
2023-04-23,2023-04-23 11:30:00,14.1325,6.839583333333334,251.75,1007.3333333333334,66.91666666666667
2023-04-24,2023-04-24 11:30:00,15.34875,4.354583333333333,244.5,1009.0,66.66666666666667
2023-04-25,2023-04-25 11:30:00,17.674583333333334,3.85875,258.3333333333333,1005.7916666666666,58.083333333333336
2023-04-26,2023-04-26 11:30:00,18.385833333333334,2.5908333333333333,199.125,1007.3333333333334,55.833333333333336
2023-04-27,2023-04-27 11:30:00,20.011666666666667,2.6654166666666668,204.66666666666666,1004.4166666666666,45.25
2023-04-28,2023-04-28 11:30:00,21.204583333333336,3.750833333333333,185.0,997.8333333333334,42.25
2023-04-29,2023-04-29 11:30:00,18.030416666666667,3.623333333333333,233.20833333333334,1010.8333333333334,61.541666666666664
2023-04-30,2023-04-30 11:30:00,15.295416666666666,3.390833333333333,63.625,1013.4166666666666,66.08333333333333
2023-05-01,2023-05-01 11:30:00,16.020416666666666,2.6045833333333333,123.375,1009.4583333333334,56.041666666666664
2023-05-02,2023-05-02 11:30:00,18.154166666666665,2.6791666666666667,94.25,1004.9583333333334,43.083333333333336
2023-05-03,2023-05-03 11:30:00,20.587083333333336,4.815,183.08333333333334,1002.875,39.833333333333336
2023-05-04,2023-05-04 11:30:00,16.24083333333333,4.764583333333333,247.75,1010.8333333333334,61.708333333333336
2023-05-05,2023-05-05 11:30:00,16.275833333333335,2.53125,238.25,1009.7083333333334,56.708333333333336
2023-05-06,2023-05-06 11:30:00,16.356666666666666,3.1512499999999997,195.41666666666666,1005.3333333333334,56.416666666666664
2023-05-07,2023-05-07 11:30:00,16.492916666666666,3.2879166666666664,78.75,1011.9166666666666,60.875
2023-05-08,2023-05-08 11:30:00,18.671666666666667,3.2808333333333333,172.41666666666666,1013.625,52.458333333333336
2023-05-09,2023-05-09 11:30:00,17.7225,4.9991666666666665,255.54166666666666,1013.2083333333334,63.25
2023-05-10,2023-05-10 11:30:00,13.366666666666667,3.6366666666666667,125.0,1014.4166666666666,59.041666666666664
2023-05-11,2023-05-11 11:30:00,12.224583333333333,4.3220833333333335,98.70833333333333,1013.4166666666666,59.083333333333336
2023-05-12,2023-05-12 11:30:00,9.69125,3.5933333333333333,141.79166666666666,1012.4583333333334,68.45833333333333
2023-05-13,2023-05-13 11:30:00,11.442916666666667,4.316666666666666,71.08333333333333,1011.0,62.0
2023-05-14,2023-05-14 11:30:00,12.465833333333334,3.305,138.83333333333334,1014.8333333333334,62.208333333333336
2023-05-15,2023-05-15 11:30:00,12.207500000000001,3.7325,78.79166666666667,1013.3333333333334,64.45833333333333
2023-05-16,2023-05-16 11:30:00,11.003749999999998,5.46875,62.875,1010.9166666666666,61.583333333333336
2023-05-17,2023-05-17 11:30:00,11.680416666666666,8.95125,60.083333333333336,1006.7083333333334,52.875
2023-05-18,2023-05-18 11:30:00,11.480416666666665,8.345416666666667,61.958333333333336,1006.3333333333334,55.875
2023-05-19,2023-05-19 11:30:00,11.512916666666667,7.929583333333333,50.958333333333336,1012.5,58.958333333333336
2023-05-20,2023-05-20 11:30:00,11.539166666666667,5.881666666666667,53.333333333333336,1006.4166666666666,61.208333333333336
2023-05-21,2023-05-21 11:30:00,13.489583333333334,4.814583333333333,79.58333333333333,1003.0833333333334,61.0
2023-05-22,2023-05-22 11:30:00,15.477083333333333,6.22125,47.0,1003.1666666666666,64.375
2023-05-23,2023-05-23 11:30:00,15.854999999999999,6.47625,60.791666666666664,1001.375,70.29166666666667
2023-05-24,2023-05-24 11:30:00,16.794583333333332,6.035833333333334,56.625,1001.8333333333334,67.83333333333333
2023-05-25,2023-05-25 11:30:00,14.838333333333333,6.089583333333334,58.0,1006.625,63.458333333333336
2023-05-26,2023-05-26 11:30:00,15.214583333333335,5.995,100.875,1002.25,73.79166666666667
2023-05-27,2023-05-27 11:30:00,16.625,2.254166666666667,83.5,1007.125,74.0
2023-05-28,2023-05-28 11:30:00,16.944583333333334,3.2937499999999997,83.5,1008.0,74.625
2023-05-29,2023-05-29 11:30:00,17.0425,3.9904166666666665,110.20833333333333,1003.625,70.54166666666667
2023-05-30,2023-05-30 11:30:00,17.849999999999998,2.5925,173.25,1004.125,69.08333333333333
2023-05-31,2023-05-31 11:30:00,17.673750000000002,2.359166666666667,112.95833333333333,1006.0416666666666,71.41666666666667
2023-06-01,2023-06-01 11:30:00,15.910416666666668,2.3066666666666666,115.04166666666667,1005.3333333333334,78.0
2023-06-02,2023-06-02 11:30:00,16.75166666666667,2.430833333333333,114.54166666666667,1000.5833333333334,69.20833333333333
2023-06-03,2023-06-03 11:30:00,18.432916666666667,2.52375,161.625,1003.875,66.08333333333333
2023-06-04,2023-06-04 11:30:00,19.142916666666668,2.765,144.625,1001.0833333333334,65.625
2023-06-05,2023-06-05 11:30:00,19.47125,3.1925000000000003,115.75,1007.3333333333334,67.66666666666667
2023-06-06,2023-06-06 11:30:00,20.953333333333333,2.487083333333333,102.16666666666667,1002.375,60.041666666666664
2023-06-07,2023-06-07 11:30:00,19.24625,3.6208333333333336,157.20833333333334,1007.625,78.20833333333333
2023-06-08,2023-06-08 11:30:00,18.925,3.4762500000000003,169.66666666666666,997.4166666666666,76.375
2023-06-09,2023-06-09 11:30:00,18.632916666666667,4.68375,234.125,1001.625,72.875
2023-06-10,2023-06-10 11:30:00,19.570416666666667,2.3629166666666666,254.375,1007.9583333333334,67.33333333333333
2023-06-11,2023-06-11 11:30:00,20.154999999999998,2.7470833333333338,186.29166666666666,1001.5,66.125
2023-06-12,2023-06-12 11:30:00,18.375416666666666,2.85875,156.20833333333334,999.8333333333334,72.04166666666667
2023-06-13,2023-06-13 11:30:00,17.93,3.62375,181.25,997.9583333333334,69.25
2023-06-14,2023-06-14 11:30:00,19.009583333333335,2.0004166666666667,174.625,1004.25,64.0
2023-06-15,2023-06-15 11:30:00,21.785416666666666,2.2708333333333335,150.95833333333334,1005.7083333333334,58.583333333333336
2023-06-16,2023-06-16 11:30:00,24.19666666666667,2.719583333333333,175.95833333333334,1006.375,52.416666666666664
2023-06-17,2023-06-17 11:30:00,22.789583333333336,2.901666666666667,139.04166666666666,1003.9583333333334,66.375
2023-06-18,2023-06-18 11:30:00,21.717083333333335,3.249166666666667,196.33333333333334,996.2083333333334,61.25
2023-06-19,2023-06-19 11:30:00,22.2,3.5995833333333334,189.16666666666666,1002.4583333333334,60.541666666666664
2023-06-20,2023-06-20 11:30:00,20.16208333333333,3.515833333333333,261.25,1007.5,67.79166666666667
2023-06-21,2023-06-21 11:30:00,19.885,3.13875,153.95833333333334,1005.25,68.75
2023-06-22,2023-06-22 11:30:00,20.807916666666667,1.9704166666666667,127.79166666666667,1006.875,62.25
2023-06-23,2023-06-23 11:30:00,23.33458333333333,3.235416666666667,79.08333333333333,1011.5,57.458333333333336
2023-06-24,2023-06-24 11:30:00,26.379166666666666,3.1954166666666666,191.25,1003.875,50.041666666666664
2023-06-25,2023-06-25 11:30:00,28.206666666666667,3.4295833333333334,184.16666666666666,1004.4166666666666,46.416666666666664
2023-06-26,2023-06-26 11:30:00,23.150000000000002,4.829583333333333,45.5,1012.0833333333334,63.666666666666664
2023-06-27,2023-06-27 11:30:00,22.07041666666667,4.7275,49.958333333333336,1008.875,62.25
2023-06-28,2023-06-28 11:30:00,22.864583333333332,3.606666666666667,61.5,1008.5416666666666,56.041666666666664
2023-06-29,2023-06-29 11:30:00,20.419999999999998,5.0095833333333335,63.458333333333336,1004.625,63.083333333333336
2023-06-30,2023-06-30 11:30:00,18.5225,4.1375,50.083333333333336,1010.75,55.583333333333336
2023-07-01,2023-07-01 11:30:00,22.296666666666667,3.0529166666666665,95.95833333333333,1007.5,55.0
2023-07-02,2023-07-02 11:30:00,24.194166666666664,4.4875,78.08333333333333,1006.0833333333334,54.291666666666664
2023-07-03,2023-07-03 11:30:00,24.392083333333332,3.8358333333333334,140.16666666666666,1008.9166666666666,56.833333333333336
2023-07-04,2023-07-04 11:30:00,23.147916666666664,3.4287499999999995,204.58333333333334,1005.7083333333334,52.291666666666664
2023-07-05,2023-07-05 11:30:00,21.94125,3.169166666666667,94.83333333333333,1003.375,56.958333333333336
2023-07-06,2023-07-06 11:30:00,22.978333333333335,2.975,173.5,1002.5833333333334,52.958333333333336
2023-07-07,2023-07-07 11:30:00,25.113333333333333,5.1866666666666665,188.75,999.6666666666666,44.625
2023-07-08,2023-07-08 11:30:00,21.714166666666667,3.1925000000000003,241.66666666666666,1006.9166666666666,47.958333333333336
2023-07-09,2023-07-09 11:30:00,23.141666666666666,3.2591666666666668,271.6666666666667,1015.4166666666666,46.416666666666664
2023-07-10,2023-07-10 11:30:00,25.69875,2.6083333333333334,167.54166666666666,1011.0,41.75
2023-07-11,2023-07-11 11:30:00,26.485,4.480416666666667,208.75,1006.1666666666666,36.708333333333336
2023-07-12,2023-07-12 11:30:00,22.832083333333333,3.299583333333333,162.625,1008.3333333333334,53.75
2023-07-13,2023-07-13 07:00:00,20.955333333333332,2.7626666666666666,78.93333333333334,1009.8,67.0
